006;457
007;632
010;416
013;371
014;262
016;511
029;351
043;530
049;485
050;400
054;351
056;290
057;107
059;479
061;472
062;233
064;294
068;452
069;558
073;216
076;230
077;222
078;216
079;330
080;478
081;216
082;492
085;205
088;227
090;482
093;487
094;496
095;403
096;484
109;257
111;541
115;025
117;197
118;191
122;494
123;098
126;479
128;400
129;486
131;403
132;403
134;024
135;216
137;488
140;801
144;E17
145;532
147;E18
148;E02
150;E19
155;940
157;603
158;654
166;507
167;E20
211;216
225;035
255;360
